{"cameraMode":{"drawMode":0,"name":"Shaded","section":"Shading Mode"},"sceneLighting":false,"audioPlay":false,"sceneViewState":{"showFog":false,"showMaterialUpdate":false,"showSkybox":false,"showFlares":false,"showImageEffects":false,"showParticleSystems":true},"in2DMode":false,"pivot":{"x":0.09685579687356949,"y":-0.09220550954341889,"z":-0.07124260812997818},"rotation":{"x":0.023208286613225938,"y":0.9344840049743652,"z":-0.3498355746269226,"w":0.06205594539642334},"size":0.6571673154830933,"orthographic":false}