{"cameraMode":{"drawMode":0,"name":"Shaded","section":"Shading Mode"},"sceneLighting":false,"audioPlay":false,"sceneViewState":{"showFog":false,"showMaterialUpdate":false,"showSkybox":false,"showFlares":false,"showImageEffects":false,"showParticleSystems":false},"in2DMode":false,"pivot":{"x":-5.587935447692871e-9,"y":0.02561555616557598,"z":-0.001547334948554635},"rotation":{"x":-0.002382501494139433,"y":-0.9924852848052979,"z":-0.021459078416228296,"w":0.12118774652481079},"size":0.14092206954956056,"orthographic":false}