{"cameraMode":{"drawMode":0,"name":"Shaded","section":"Shading Mode"},"sceneLighting":true,"audioPlay":false,"sceneViewState":{"showFog":false,"showMaterialUpdate":false,"showSkybox":false,"showFlares":false,"showImageEffects":false,"showParticleSystems":false},"in2DMode":false,"pivot":{"x":0.5593255758285523,"y":0.0024449825286865236,"z":-0.687532901763916},"rotation":{"x":0.1388978511095047,"y":0.8475956320762634,"z":-0.27288636565208437,"w":0.434112012386322},"size":1.0979249477386475,"orthographic":true}