{"cameraMode":{"drawMode":0,"name":"Shaded","section":"Shading Mode"},"sceneLighting":false,"audioPlay":false,"sceneViewState":{"showFog":false,"showMaterialUpdate":false,"showSkybox":false,"showFlares":false,"showImageEffects":false,"showParticleSystems":false},"in2DMode":false,"pivot":{"x":0.6499999761581421,"y":0.02699999511241913,"z":-0.8540533185005188},"rotation":{"x":-0.21893808245658875,"y":-0.5723173022270203,"z":0.1618196815252304,"w":-0.7736560106277466},"size":0.230928435921669,"orthographic":false}