{"cameraMode":{"drawMode":0,"name":"Shaded","section":"Shading Mode"},"sceneLighting":false,"audioPlay":false,"sceneViewState":{"showFog":false,"showMaterialUpdate":false,"showSkybox":false,"showFlares":false,"showImageEffects":false,"showParticleSystems":false},"in2DMode":false,"pivot":{"x":-0.08939683437347412,"y":-0.6375141143798828,"z":-1.066554069519043},"rotation":{"x":-0.2629031240940094,"y":0.02407233975827694,"z":-0.006386247929185629,"w":-0.9645414352416992},"size":10.695239067077637,"orthographic":false}