{"cameraMode":{"drawMode":0,"name":"Shaded","section":"Shading Mode"},"sceneLighting":false,"audioPlay":false,"sceneViewState":{"showFog":true,"showMaterialUpdate":true,"showSkybox":true,"showFlares":true,"showImageEffects":true,"showParticleSystems":true},"in2DMode":false,"pivot":{"x":-0.005142453126609325,"y":0.9641865491867065,"z":-0.05417429655790329},"rotation":{"x":-0.047246914356946948,"y":0.9294784665107727,"z":-0.1273137927055359,"w":-0.3431842625141144},"size":2.8974037170410158,"orthographic":false}