{"cameraMode":{"drawMode":0,"name":"Shaded","section":"Shading Mode"},"sceneLighting":false,"audioPlay":false,"sceneViewState":{"showFog":false,"showMaterialUpdate":false,"showSkybox":false,"showFlares":false,"showImageEffects":false,"showParticleSystems":false},"in2DMode":false,"pivot":{"x":-3.040855884552002,"y":3.862919569015503,"z":18.170787811279298},"rotation":{"x":0.18680721521377564,"y":0.22732368111610413,"z":-0.04453200846910477,"w":0.9548636078834534},"size":11.011892318725586,"orthographic":false}