{"cameraMode":{"drawMode":0,"name":"Shaded","section":"Shading Mode"},"sceneLighting":false,"audioPlay":false,"sceneViewState":{"showFog":false,"showMaterialUpdate":false,"showSkybox":false,"showFlares":false,"showImageEffects":false,"showParticleSystems":true},"in2DMode":false,"pivot":{"x":-0.0016284962184727193,"y":0.039883192628622058,"z":0.011664177291095257},"rotation":{"x":-0.016286494210362436,"y":0.9790014028549194,"z":-0.18392729759216309,"w":-0.08656686544418335},"size":0.0571671724319458,"orthographic":false}