{"cameraMode":{"drawMode":0,"name":"Shaded","section":"Shading Mode"},"sceneLighting":false,"audioPlay":false,"sceneViewState":{"showFog":false,"showMaterialUpdate":false,"showSkybox":false,"showFlares":false,"showImageEffects":false,"showParticleSystems":false},"in2DMode":false,"pivot":{"x":0.00000762939453125,"y":0.0,"z":0.0000036954879760742189},"rotation":{"x":0.16647344827651978,"y":0.6464841961860657,"z":-0.14724504947662354,"w":0.7299614548683167},"size":9.18486213684082,"orthographic":false}