{"cameraMode":{"drawMode":0,"name":"Shaded","section":"Shading Mode"},"sceneLighting":false,"audioPlay":false,"sceneViewState":{"showFog":false,"showMaterialUpdate":false,"showSkybox":false,"showFlares":false,"showImageEffects":false,"showParticleSystems":false},"in2DMode":false,"pivot":{"x":-0.9159751534461975,"y":-0.7059042453765869,"z":-0.3167247772216797},"rotation":{"x":-0.17917990684509278,"y":0.07021714746952057,"z":-0.012654024176299572,"w":-0.9812648892402649},"size":9.18486213684082,"orthographic":false}