{"cameraMode":{"drawMode":0,"name":"Shaded","section":"Shading Mode"},"sceneLighting":false,"audioPlay":false,"sceneViewState":{"showFog":false,"showMaterialUpdate":false,"showSkybox":false,"showFlares":false,"showImageEffects":false,"showParticleSystems":false},"in2DMode":false,"pivot":{"x":-0.0023745622020214798,"y":0.02926437370479107,"z":-0.03259582072496414},"rotation":{"x":-0.0007059296476654708,"y":0.9989728927612305,"z":0.019789597019553186,"w":0.04225664213299751},"size":0.09799212217330933,"orthographic":false}